RelativePath,Date,Time,Species,KakapoID,InteractionRMS,Interaction20R,KakapoID2,InteractionRMS2,Interaction20R2,Notes
ABS01, 12-Oct-2023, 21:14:28,Kakapo,Cyndy,Look,Encounter,,,,
ABS01, 14-Oct-2023, 05:53:00,Kakapo,Kohitatea,Look,Look,,,,Popsicle stick pull
ABS01, 14-Oct-2023, 05:53:50,Kakapo,Kohitatea,Look,Encounter,,,,
ABS01, 14-Oct-2023, 05:54:30,Kakapo,Kohitatea,Look,Encounter,,,,
ABS01, 14-Oct-2023, 05:54:52,Kakapo,Kohitatea,Look,Touch,,,,
ABS01, 14-Oct-2023, 05:55:14,Kakapo,Kohitatea,Encounter,Consumption,,,,
ABS01, 14-Oct-2023, 06:01:18,Kakapo,Kohitatea,Encounter,Consumption,,,,
ABS01, 14-Oct-2023, 06:01:42,Kakapo,Kohitatea,Encounter,Consumption,,,,
ABS01, 14-Oct-2023, 06:02:22,Kakapo,Kohitatea,Encounter,Consumption,,,,
ABS01, 14-Oct-2023, 06:02:56,Kakapo,Kohitatea,Encounter,Consumption,,,,
ABS01, 14-Oct-2023, 06:04:14,Kakapo,Kohitatea,Encounter,Consumption,,,,
ABS01, 14-Oct-2023, 06:05:24,Kakapo,Kohitatea,Encounter,Consumption,,,,
ABS01, 14-Oct-2023, 06:05:46,Kakapo,Kohitatea,Encounter,Consumption,,,,
ABS01, 14-Oct-2023, 06:08:20,Kakapo,Kohitatea,Encounter,Consumption,,,,
ABS01, 14-Oct-2023, 06:08:58,Kakapo,Kohitatea,Encounter,Consumption,,,,
ABS01, 14-Oct-2023, 06:09:20,Kakapo,Kohitatea,Encounter,Touch accidental,,,,
ABS01, 14-Oct-2023, 06:10:40,Kakapo,Kohitatea,Look,Look,,,,
ABS01, 14-Oct-2023, 06:11:00,Kakapo,Kohitatea,None,None,,,,
ABS01, 14-Oct-2023, 06:14:12,Kakapo,Kohitatea,Encounter,Encounter,,,,
ABS01, 14-Oct-2023, 06:18:06,Kakapo,Kohitatea,None,None,,,,
ABS01, 14-Oct-2023, 06:26:02,Kakapo,Kohitatea,Look,Bite,,,,
ABS01, 14-Oct-2023, 06:26:24,Kakapo,Kohitatea,Touch accidental,Bite,,,,
ABS01, 14-Oct-2023, 06:28:52,Kakapo,Kohitatea,Look,Consumption,,,,
ABS01, 14-Oct-2023, 06:30:48,Kakapo,Kohitatea,Look,Consumption,,,,
ABS01, 14-Oct-2023, 06:31:10,Kakapo,Kohitatea,None,None,,,,
ABS03, 11-Oct-2023, 03:51:34,Kakapo,Tutoko,Encounter,Encounter,,,,
ABS03, 12-Oct-2023, 05:57:38,Kakapo,Hurihuri,Encounter,Encounter,,,,
ABS03, 12-Oct-2023, 20:51:38,Kakapo,Hurihuri,Look,Encounter,,,,
ABS03, 12-Oct-2023, 23:02:56,Kakapo,Tutoko,Bite,Encounter,,,,
ABS03, 14-Oct-2023, 04:45:40,Kakapo,Hurihuri,Encounter,Encounter,,,,
ABS03, 14-Oct-2023, 04:47:06,Kakapo,Tutoko,None,None,,,,
ABS04, 11-Oct-2023, 21:19:30,Kakapo,Guapo,Encounter,Encounter,,,,
ABS04, 11-Oct-2023, 21:19:54,Kakapo,Guapo,None,None,,,,
ABS04, 14-Oct-2023, 22:08:40,Kakapo,Tutoko,None,None,,,,
ABS04, 14-Oct-2023, 22:08:41,Kakapo,Tutoko,Bite,Encounter,,,,
ABS04, 14-Oct-2023, 22:08:43,Kakapo,Guapo,Encounter,Encounter,,,,
ABS04, 14-Oct-2023, 22:08:48,Kakapo,Guapo,Encounter,Encounter,,,,
ABS04, 14-Oct-2023, 22:08:49,Kakapo,Tutoko,Look,Bite,,,,
ABS04, 14-Oct-2023, 22:08:50,Kakapo,Tutoko,Encounter,Encounter,,,,
ABS04, 14-Oct-2023, 22:08:52,Kakapo,Tutoko,Look,Consumption,,,,
ABS04, 14-Oct-2023, 22:08:53,Kakapo,Tutoko,Look,Consumption,,,,
ABS04, 14-Oct-2023, 22:08:58,Kakapo,Tutoko,Bite,Encounter,,,,
ABS04, 14-Oct-2023, 22:09:00,Kakapo,Tutoko,Bite,Encounter,,,,
ABS04, 14-Oct-2023, 22:09:01,Kakapo,Tutoko,Look,Encounter,,,,
ABS04, 14-Oct-2023, 22:09:02,Kakapo,Tutoko,Look,Look,,,,
ABS04, 14-Oct-2023, 22:09:03,Kakapo,Tutoko,None,None,,,,
ABS04, 14-Oct-2023, 22:09:04,Kakapo,Tutoko,None,Encounter,,,,
ABS04, 14-Oct-2023, 22:09:05,Kakapo,Tutoko,None,Encounter,,,,
ABS04, 14-Oct-2023, 22:09:07,Kakapo,Tutoko,Encounter,Encounter,,,,
ABS04, 14-Oct-2023, 22:09:08,Kakapo,Tutoko,Look,Touch,,,,
ABS04, 14-Oct-2023, 22:09:09,Kakapo,Tutoko,None,None,,,,
CBS01, 10-Oct-2023, 09:19:38,Kakapo,Hakatere,Encounter,None,,,,
CBS01, 10-Oct-2023, 09:20:04,Kakapo,Hakatere,None,None,,,,
CBS01, 11-Oct-2023, 09:44:38,Kakapo,Hakatere,Encounter,None,,,,
CBS01, 11-Oct-2023, 09:46:16,Kakapo,Hakatere,Encounter,None,,,,
CBS01, 11-Oct-2023, 09:47:28,Kakapo,Hakatere,None,None,,,,
CBS01, 11-Oct-2023, 09:48:50,Kakapo,Hakatere,None,None,,,,
CBS01, 11-Oct-2023, 09:49:52,Kakapo,Hakatere,None,None,,,,
CBS01, 11-Oct-2023, 09:51:16,Kakapo,Hakatere,None,None,,,,
CBS01, 11-Oct-2023, 09:52:40,Kakapo,Hakatere,None,None,,,,
CBS01, 11-Oct-2023, 09:53:16,Kakapo,Hakatere,None,None,,,,
CBS01, 11-Oct-2023, 09:54:40,Kakapo,Hakatere,None,None,,,,
CBS01, 11-Oct-2023, 09:56:10,Kakapo,Hakatere,None,None,,,,
CBS01, 11-Oct-2023, 09:57:34,Kakapo,Hakatere,None,None,,,,
CBS01, 11-Oct-2023, 09:58:54,Kakapo,Hakatere,None,None,,,,
CBS01, 11-Oct-2023, 09:59:46,Kakapo,Hakatere,None,None,,,,
CBS01, 11-Oct-2023, 10:00:58,Kakapo,Hakatere,None,None,,,,
CBS01, 11-Oct-2023, 10:01:34,Kakapo,Hakatere,None,None,,,,
CBS01, 11-Oct-2023, 10:02:26,Kakapo,Hakatere,None,None,,,,
CBS01, 11-Oct-2023, 10:03:38,Kakapo,Hakatere,None,None,,,,
CBS01, 11-Oct-2023, 10:04:00,Kakapo,Hakatere,None,None,,,,
CBS01, 11-Oct-2023, 10:05:16,Kakapo,Hakatere,None,None,,,,
CBS01, 11-Oct-2023, 10:05:54,Kakapo,Hakatere,None,None,,,,
CBS01, 11-Oct-2023, 10:06:56,Kakapo,Hakatere,None,None,,,,
CBS01, 11-Oct-2023, 10:08:14,Kakapo,Hakatere,None,None,,,,
CBS01, 11-Oct-2023, 10:08:46,Kakapo,Hakatere,None,None,,,,
CBS01, 11-Oct-2023, 10:09:58,Kakapo,Hakatere,None,None,,,,
CBS01, 11-Oct-2023, 10:11:26,Kakapo,Hakatere,None,None,,,,
CBS01, 11-Oct-2023, 10:12:42,Kakapo,Hakatere,Encounter,None,,,,
CBS01, 11-Oct-2023, 10:13:50,Kakapo,Hakatere,None,None,,,,
CBS01, 11-Oct-2023, 10:15:26,Kakapo,Hakatere,None,None,,,,
CBS01, 11-Oct-2023, 10:16:38,Kakapo,Hakatere,None,None,,,,
CBS01, 11-Oct-2023, 10:18:06,Kakapo,Hakatere,None,None,,,,
CBS01, 11-Oct-2023, 10:19:10,Kakapo,Hakatere,None,None,,,,
CBS01, 11-Oct-2023, 10:19:36,Kakapo,Hakatere,None,None,,,,
CBS01, 11-Oct-2023, 10:20:36,Kakapo,Hakatere,None,None,,,,
CBS01, 11-Oct-2023, 10:21:12,Kakapo,Hakatere,None,None,,,,
CBS01, 11-Oct-2023, 10:22:16,Kakapo,Hakatere,None,None,,,,
CBS01, 11-Oct-2023, 10:22:38,Kakapo,Hakatere,None,None,,,,
CBS01, 11-Oct-2023, 10:32:26,Kakapo,Hakatere,None,None,,,,
CBS01, 11-Oct-2023, 10:50:02,Kakapo,Hakatere,None,None,,,,
CBS01, 11-Oct-2023, 11:56:36,Kakapo,Hakatere,Encounter,None,,,,
CBS01, 11-Oct-2023, 12:12:20,Kakapo,Hakatere,Encounter,None,,,,
CBS01, 11-Oct-2023, 12:15:20,Kakapo,Hakatere,Encounter,None,,,,
CBS01, 11-Oct-2023, 13:06:22,Kakapo,Hakatere,None,None,,,,
CBS01, 11-Oct-2023, 13:06:50,Kakapo,Hakatere,None,None,,,,
CBS01, 11-Oct-2023, 13:10:18,Kakapo,Hakatere,None,None,,,,
CBS01, 11-Oct-2023, 13:12:14,Kakapo,Hakatere,None,None,,,,
CBS01, 11-Oct-2023, 13:13:42,Kakapo,Hakatere,None,None,,,,
CBS01, 11-Oct-2023, 13:14:06,Kakapo,Hakatere,None,None,,,,
CBS01, 11-Oct-2023, 13:15:28,Kakapo,Hakatere,None,None,,,,
CBS01, 11-Oct-2023, 13:16:30,Kakapo,Hakatere,None,None,,,,
CBS01, 11-Oct-2023, 13:18:00,Kakapo,Hakatere,None,None,,,,
CBS01, 11-Oct-2023, 13:18:54,Kakapo,Hakatere,None,None,,,,
CBS01, 11-Oct-2023, 13:20:54,Kakapo,Hakatere,None,None,,,,
CBS01, 11-Oct-2023, 13:21:38,Kakapo,Hakatere,None,None,,,,
CBS01, 11-Oct-2023, 13:22:08,Kakapo,Hakatere,None,None,,,,
CBS01, 11-Oct-2023, 13:23:40,Kakapo,Hakatere,None,None,,,,
CBS01, 11-Oct-2023, 13:24:06,Kakapo,Hakatere,None,None,,,,
CBS01, 11-Oct-2023, 13:25:38,Kakapo,Hakatere,None,None,,,,
CBS01, 11-Oct-2023, 13:26:42,Kakapo,Hakatere,None,None,,,,
CBS01, 11-Oct-2023, 13:27:24,Kakapo,Hakatere,None,None,,,,
CBS01, 11-Oct-2023, 13:27:56,Kakapo,Hakatere,None,None,,,,
CBS01, 11-Oct-2023, 13:29:18,Kakapo,Hakatere,None,None,,,,
CBS01, 11-Oct-2023, 13:29:42,Kakapo,Hakatere,None,None,,,,
CBS01, 11-Oct-2023, 13:31:04,Kakapo,Hakatere,None,None,,,,
CBS01, 11-Oct-2023, 13:32:22,Kakapo,Hakatere,None,None,,,,
CBS01, 11-Oct-2023, 13:33:24,Kakapo,Hakatere,None,None,,,,
CBS01, 11-Oct-2023, 13:34:26,Kakapo,Hakatere,None,None,,,,
CBS01, 11-Oct-2023, 13:34:50,Kakapo,Hakatere,None,None,,,,
CBS01, 11-Oct-2023, 13:35:16,Kakapo,Hakatere,None,None,,,,
CBS01, 11-Oct-2023, 13:36:52,Kakapo,Hakatere,None,None,,,,
CBS01, 11-Oct-2023, 13:37:40,Kakapo,Hakatere,None,None,,,,
CBS01, 11-Oct-2023, 13:38:06,Kakapo,Hakatere,None,None,,,,
CBS01, 11-Oct-2023, 13:41:28,Kakapo,Hakatere,Encounter,None,,,,
CBS01, 11-Oct-2023, 14:46:10,Kakapo,Hakatere,Encounter,None,,,,
CBS01, 11-Oct-2023, 14:46:56,Kakapo,Hakatere,Encounter,None,,,,
CBS01, 11-Oct-2023, 14:47:38,Kakapo,Hakatere,Encounter,None,,,,
CBS01, 11-Oct-2023, 14:48:10,Kakapo,Hakatere,Encounter,None,,,,
CBS01, 11-Oct-2023, 14:51:44,Kakapo,Hakatere,None,None,,,,
CBS01, 11-Oct-2023, 14:52:08,Kakapo,Hakatere,None,None,,,,
CBS01, 11-Oct-2023, 14:53:28,Kakapo,Hakatere,None,None,,,,
CBS01, 11-Oct-2023, 15:08:08,Kakapo,Hakatere,None,None,,,,
CBS01, 11-Oct-2023, 15:09:52,Kakapo,Hakatere,None,None,,,,
CBS01, 11-Oct-2023, 15:10:18,Kakapo,Hakatere,None,None,,,,
CBS01, 11-Oct-2023, 15:11:18,Kakapo,Hakatere,None,None,,,,
CBS01, 11-Oct-2023, 15:12:42,Kakapo,Hakatere,None,None,,,,
CBS01, 11-Oct-2023, 15:14:04,Kakapo,Hakatere,None,None,,,,
CBS01, 11-Oct-2023, 15:15:46,Kakapo,Hakatere,None,None,,,,
CBS01, 11-Oct-2023, 15:16:08,Kakapo,Hakatere,None,None,,,,
CBS01, 11-Oct-2023, 15:17:40,Kakapo,Hakatere,None,None,,,,
CBS01, 11-Oct-2023, 15:19:10,Kakapo,Hakatere,None,None,,,,
CBS01, 11-Oct-2023, 15:19:30,Kakapo,Hakatere,None,None,,,,
CBS01, 11-Oct-2023, 15:20:14,Kakapo,Hakatere,None,None,,,,
CBS01, 11-Oct-2023, 15:21:50,Kakapo,Hakatere,None,None,,,,
CBS01, 11-Oct-2023, 15:22:28,Kakapo,Hakatere,None,None,,,,
CBS01, 11-Oct-2023, 15:23:44,Kakapo,Hakatere,None,None,,,,
CBS01, 11-Oct-2023, 15:25:50,Kakapo,Hakatere,None,None,,,,
CBS01, 11-Oct-2023, 15:26:14,Kakapo,Hakatere,None,None,,,,
CBS01, 11-Oct-2023, 15:27:22,Kakapo,Hakatere,None,None,,,,
CBS01, 11-Oct-2023, 15:27:46,Kakapo,Hakatere,None,None,,,,
CBS01, 11-Oct-2023, 15:28:22,Kakapo,Hakatere,None,None,,,,
CBS01, 11-Oct-2023, 15:31:00,Kakapo,Hakatere,None,None,,,,
CBS01, 11-Oct-2023, 15:31:28,Kakapo,Hakatere,None,None,,,,
CBS01, 11-Oct-2023, 15:32:50,Kakapo,Hakatere,None,None,,,,
CBS01, 11-Oct-2023, 15:34:38,Kakapo,Hakatere,None,None,,,,
CBS01, 11-Oct-2023, 15:35:56,Kakapo,Hakatere,None,None,,,,
CBS01, 11-Oct-2023, 15:37:24,Kakapo,Hakatere,None,None,,,,
CBS01, 11-Oct-2023, 15:39:02,Kakapo,Hakatere,None,None,,,,
CBS01, 11-Oct-2023, 15:40:24,Kakapo,Hakatere,None,None,,,,
CBS01, 11-Oct-2023, 15:40:48,Kakapo,Hakatere,None,None,,,,
CBS01, 11-Oct-2023, 15:41:58,Kakapo,Hakatere,None,None,,,,
CBS01, 11-Oct-2023, 15:42:46,Kakapo,Hakatere,None,None,,,,
CBS01, 11-Oct-2023, 15:43:10,Kakapo,Hakatere,None,None,,,,
CBS01, 11-Oct-2023, 15:43:30,Kakapo,Hakatere,None,None,,,,
CBS01, 11-Oct-2023, 15:45:06,Kakapo,Hakatere,None,None,,,,
CBS01, 11-Oct-2023, 15:46:28,Kakapo,Hakatere,None,None,,,,
CBS01, 11-Oct-2023, 15:47:42,Kakapo,Hakatere,None,None,,,,
CBS01, 11-Oct-2023, 15:49:12,Kakapo,Hakatere,None,None,,,,
CBS01, 11-Oct-2023, 15:50:28,Kakapo,Hakatere,None,None,,,,
CBS01, 11-Oct-2023, 15:52:00,Kakapo,Hakatere,None,None,,,,
CBS01, 11-Oct-2023, 15:52:24,Kakapo,Hakatere,None,None,,,,
CBS01, 11-Oct-2023, 15:53:36,Kakapo,Hakatere,None,None,,,,
CBS01, 11-Oct-2023, 15:54:08,Kakapo,Hakatere,None,None,,,,
CBS01, 11-Oct-2023, 15:55:36,Kakapo,Hakatere,None,None,,,,
CBS01, 11-Oct-2023, 15:56:50,Kakapo,Hakatere,None,None,,,,
CBS01, 11-Oct-2023, 15:57:26,Kakapo,Hakatere,None,None,,,,
CBS01, 11-Oct-2023, 15:58:18,Kakapo,Hakatere,Encounter,None,,,,
CBS01, 11-Oct-2023, 15:58:38,Kakapo,Hakatere,Encounter,None,,,,
CBS01, 11-Oct-2023, 15:59:02,Kakapo,Hakatere,Encounter,None,,,,
CBS01, 11-Oct-2023, 15:59:24,Kakapo,Hakatere,Encounter,None,,,,
CBS01, 11-Oct-2023, 15:59:58,Kakapo,Hakatere,None,None,,,,
CBS01, 11-Oct-2023, 16:01:46,Kakapo,Hakatere,None,None,,,,
CBS01, 11-Oct-2023, 16:02:14,Kakapo,Hakatere,None,None,,,,
CBS01, 11-Oct-2023, 16:04:04,Kakapo,Hakatere,None,None,,,,
CBS01, 11-Oct-2023, 16:04:30,Kakapo,Hakatere,None,None,,,,
CBS01, 11-Oct-2023, 16:08:36,Kakapo,Hakatere,None,None,,,,
CBS01, 11-Oct-2023, 16:09:36,Kakapo,Hakatere,None,None,,,,
CBS01, 11-Oct-2023, 16:11:44,Kakapo,Hakatere,None,None,,,,
CBS01, 11-Oct-2023, 16:12:20,Kakapo,Hakatere,None,None,,,,
CBS01, 11-Oct-2023, 16:13:56,Kakapo,Hakatere,None,None,,,,
CBS01, 11-Oct-2023, 16:15:30,Kakapo,Hakatere,None,None,,,,
CBS01, 11-Oct-2023, 16:17:12,Kakapo,Hakatere,None,None,,,,
CBS01, 11-Oct-2023, 16:18:56,Kakapo,Hakatere,None,None,,,,
CBS01, 11-Oct-2023, 16:20:20,Kakapo,Hakatere,None,None,,,,
CBS01, 11-Oct-2023, 16:21:44,Kakapo,Hakatere,None,None,,,,
CBS01, 11-Oct-2023, 16:23:28,Kakapo,Hakatere,None,None,,,,
CBS01, 11-Oct-2023, 16:24:36,Kakapo,Hakatere,None,None,,,,
CBS01, 11-Oct-2023, 16:25:02,Kakapo,Hakatere,None,None,,,,
CBS01, 11-Oct-2023, 16:26:50,Kakapo,Hakatere,None,None,,,,
CBS01, 11-Oct-2023, 16:27:56,Kakapo,Hakatere,None,None,,,,
CBS01, 11-Oct-2023, 16:28:56,Kakapo,Hakatere,None,None,,,,
CBS01, 11-Oct-2023, 16:29:20,Kakapo,Hakatere,None,None,,,,
CBS01, 11-Oct-2023, 17:37:20,Kakapo,Hakatere,None,None,,,,
CBS01, 11-Oct-2023, 17:37:48,Kakapo,Hakatere,None,None,,,,
CBS01, 11-Oct-2023, 17:38:12,Kakapo,Hakatere,None,None,,,,
CBS01, 11-Oct-2023, 17:39:24,Kakapo,Hakatere,None,None,,,,
CBS01, 11-Oct-2023, 17:40:40,Kakapo,Hakatere,None,None,,,,
CBS01, 11-Oct-2023, 17:43:04,Kakapo,Hakatere,None,None,,,,
CBS01, 11-Oct-2023, 17:43:26,Kakapo,Hakatere,None,None,,,,
CBS01, 11-Oct-2023, 17:44:16,Kakapo,Hakatere,None,None,,,,
CBS01, 11-Oct-2023, 17:45:26,Kakapo,Hakatere,None,None,,,,
CBS01, 11-Oct-2023, 17:46:22,Kakapo,Hakatere,None,None,,,,
CBS01, 11-Oct-2023, 17:46:48,Kakapo,Hakatere,None,None,,,,
CBS01, 11-Oct-2023, 17:47:58,Kakapo,Hakatere,None,None,,,,
CBS01, 11-Oct-2023, 17:48:56,Kakapo,Hakatere,None,None,,,,
CBS01, 11-Oct-2023, 17:50:20,Kakapo,Hakatere,None,None,,,,
CBS01, 11-Oct-2023, 17:51:08,Kakapo,Hakatere,None,None,,,,
CBS01, 11-Oct-2023, 17:52:48,Kakapo,Hakatere,None,None,,,,
CBS01, 11-Oct-2023, 17:53:56,Kakapo,Hakatere,None,None,,,,
CBS01, 11-Oct-2023, 17:55:36,Kakapo,Hakatere,None,None,,,,
CBS01, 11-Oct-2023, 17:56:30,Kakapo,Hakatere,Encounter,None,,,,
CBS01, 11-Oct-2023, 17:56:54,Kakapo,Hakatere,Encounter,None,,,,
CBS01, 11-Oct-2023, 17:57:24,Kakapo,Hakatere,Encounter,None,,,,
CBS01, 11-Oct-2023, 17:57:46,Kakapo,Hakatere,None,None,,,,
CBS01, 11-Oct-2023, 17:59:24,Kakapo,Hakatere,None,None,,,,
CBS01, 11-Oct-2023, 17:59:48,Kakapo,Hakatere,None,None,,,,
CBS01, 11-Oct-2023, 18:01:10,Kakapo,Hakatere,None,None,,,,
CBS01, 11-Oct-2023, 18:03:00,Kakapo,Hakatere,None,None,,,,
CBS01, 11-Oct-2023, 18:04:22,Kakapo,Hakatere,None,None,,,,
CBS01, 11-Oct-2023, 18:05:04,Kakapo,Hakatere,None,None,,,,
CBS01, 11-Oct-2023, 18:06:36,Kakapo,Hakatere,None,None,,,,
CBS01, 11-Oct-2023, 18:07:32,Kakapo,Hakatere,None,None,,,,
CBS01, 11-Oct-2023, 18:09:18,Kakapo,Hakatere,None,None,,,,
CBS01, 11-Oct-2023, 18:09:40,Kakapo,Hakatere,None,None,,,,
CBS01, 11-Oct-2023, 18:10:06,Kakapo,Hakatere,None,None,,,,
CBS01, 11-Oct-2023, 18:11:14,Kakapo,Hakatere,None,None,,,,
CBS01, 11-Oct-2023, 18:11:36,Kakapo,Hakatere,None,None,,,,
CBS01, 11-Oct-2023, 18:12:58,Kakapo,Hakatere,Encounter,None,,,,
CBS01, 11-Oct-2023, 18:13:22,Kakapo,Hakatere,None,None,,,,
CBS01, 11-Oct-2023, 18:13:56,Kakapo,Hakatere,None,None,,,,
CBS01, 11-Oct-2023, 18:15:14,Kakapo,Hakatere,None,None,,,,
CBS01, 11-Oct-2023, 18:15:34,Kakapo,Hakatere,None,None,,,,
CBS01, 11-Oct-2023, 18:16:34,Kakapo,Hakatere,None,None,,,,
CBS01, 11-Oct-2023, 18:19:26,Kakapo,Hakatere,None,None,,,,
CBS01, 11-Oct-2023, 18:21:52,Kakapo,Hakatere,None,None,,,,
CBS01, 11-Oct-2023, 18:23:10,Kakapo,Hakatere,None,None,,,,
CBS01, 11-Oct-2023, 18:23:54,Kakapo,Hakatere,None,None,,,,
CBS01, 11-Oct-2023, 18:25:02,Kakapo,Hakatere,None,None,,,,
CBS01, 12-Oct-2023, 09:47:46,Kakapo,Hakatere,Encounter,None,,,,
CBS01, 12-Oct-2023, 09:48:08,Kakapo,Hakatere,None,None,,,,
CBS01, 12-Oct-2023, 09:48:46,Kakapo,Hakatere,None,None,,,,
CBS01, 12-Oct-2023, 09:50:16,Kakapo,Hakatere,None,None,,,,
CBS01, 12-Oct-2023, 09:51:12,Kakapo,Hakatere,None,None,,,,
CBS01, 12-Oct-2023, 09:52:34,Kakapo,Hakatere,None,None,,,,
CBS01, 12-Oct-2023, 09:55:54,Kakapo,Hakatere,None,None,,,,
CBS01, 12-Oct-2023, 09:56:56,Kakapo,Hakatere,None,None,,,,
CBS01, 12-Oct-2023, 09:57:24,Kakapo,Hakatere,None,None,,,,
CBS01, 12-Oct-2023, 09:59:32,Kakapo,Hakatere,None,None,,,,
CBS01, 12-Oct-2023, 09:59:58,Kakapo,Hakatere,None,None,,,,
CBS01, 12-Oct-2023, 10:03:08,Kakapo,Hakatere,None,None,,,,
CBS01, 12-Oct-2023, 10:10:02,Kakapo,Hakatere,None,None,,,,
CBS01, 12-Oct-2023, 10:15:52,Kakapo,Hakatere,None,None,,,,
CBS01, 12-Oct-2023, 10:16:16,Kakapo,Hakatere,None,None,,,,
CBS01, 12-Oct-2023, 10:19:30,Kakapo,Hakatere,None,None,,,,
CBS01, 12-Oct-2023, 10:20:46,Kakapo,Hakatere,None,None,,,,
CBS01, 12-Oct-2023, 10:23:30,Kakapo,Hakatere,None,None,,,,
CBS01, 12-Oct-2023, 10:24:40,Kakapo,Hakatere,None,None,,,,
CBS01, 12-Oct-2023, 10:25:28,Kakapo,Hakatere,None,None,,,,
CBS01, 12-Oct-2023, 10:27:12,Kakapo,Hakatere,None,None,,,,
CBS01, 12-Oct-2023, 10:27:38,Kakapo,Hakatere,None,None,,,,
CBS01, 12-Oct-2023, 10:28:24,Kakapo,Hakatere,None,None,,,,
CBS01, 12-Oct-2023, 10:28:46,Kakapo,Hakatere,None,None,,,,
CBS01, 12-Oct-2023, 10:31:04,Kakapo,Hakatere,None,None,,,,
CBS01, 12-Oct-2023, 10:31:44,Kakapo,Hakatere,None,None,,,,
CBS01, 12-Oct-2023, 10:33:08,Kakapo,Hakatere,None,None,,,,
CBS01, 12-Oct-2023, 10:33:56,Kakapo,Hakatere,None,None,,,,
CBS01, 12-Oct-2023, 10:34:30,Kakapo,Hakatere,None,None,,,,
CBS01, 12-Oct-2023, 10:35:32,Kakapo,Hakatere,None,None,,,,
CBS01, 12-Oct-2023, 10:36:54,Kakapo,Hakatere,None,None,,,,
CBS01, 12-Oct-2023, 10:38:30,Kakapo,Hakatere,None,None,,,,
CBS01, 12-Oct-2023, 10:41:32,Kakapo,Hakatere,None,None,,,,
CBS01, 12-Oct-2023, 10:42:50,Kakapo,Hakatere,None,None,,,,
CBS01, 12-Oct-2023, 10:46:08,Kakapo,Hakatere,None,None,,,,
CBS01, 12-Oct-2023, 10:46:34,Kakapo,Hakatere,None,None,,,,
CBS01, 12-Oct-2023, 10:47:16,Kakapo,Hakatere,None,None,,,,
CBS01, 12-Oct-2023, 10:48:18,Kakapo,Hakatere,None,None,,,,
CBS01, 12-Oct-2023, 10:49:08,Kakapo,Hakatere,None,None,,,,
CBS01, 12-Oct-2023, 10:49:30,Kakapo,Hakatere,None,None,,,,
CBS01, 12-Oct-2023, 10:50:10,Kakapo,Hakatere,None,None,,,,
CBS01, 12-Oct-2023, 10:51:10,Kakapo,Hakatere,None,None,,,,
CBS01, 12-Oct-2023, 10:53:00,Kakapo,Hakatere,None,None,,,,
CBS01, 12-Oct-2023, 10:53:58,Kakapo,Hakatere,None,None,,,,
CBS01, 12-Oct-2023, 10:56:02,Kakapo,Hakatere,None,None,,,,
CBS01, 12-Oct-2023, 12:16:08,Kakapo,Hakatere,Encounter,None,,,,
CBS01, 12-Oct-2023, 12:16:30,Kakapo,Hakatere,Encounter,None,,,,
CBS01, 12-Oct-2023, 12:16:52,Kakapo,Hakatere,Encounter,None,,,,
CBS01, 12-Oct-2023, 12:17:32,Kakapo,Hakatere,Encounter,None,,,,
CBS01, 12-Oct-2023, 12:18:14,Kakapo,Hakatere,Encounter,None,,,,
CBS01, 12-Oct-2023, 12:18:56,Kakapo,Hakatere,Encounter,None,,,,
CBS01, 12-Oct-2023, 13:45:44,Kakapo,Hakatere,Encounter,None,,,,
CBS01, 12-Oct-2023, 13:46:50,Kakapo,Hakatere,None,None,,,,
CBS01, 12-Oct-2023, 13:51:12,Kakapo,Hakatere,None,None,,,,
CBS01, 12-Oct-2023, 13:53:06,Kakapo,Hakatere,Encounter,None,,,,
CBS01, 12-Oct-2023, 17:41:28,Kakapo,Hakatere,None,None,,,,
CBS01, 12-Oct-2023, 17:42:08,Kakapo,Hakatere,None,None,,,,
CBS01, 12-Oct-2023, 17:42:38,Kakapo,Hakatere,None,None,,,,
CBS01, 12-Oct-2023, 17:43:08,Kakapo,Hakatere,None,None,,,,
CBS01, 12-Oct-2023, 17:44:16,Kakapo,Hakatere,None,None,,,,
CBS01, 12-Oct-2023, 17:44:52,Kakapo,Hakatere,None,None,,,,
CBS01, 12-Oct-2023, 17:47:30,Kakapo,Hakatere,None,None,,,,
CBS01, 12-Oct-2023, 17:57:48,Kakapo,Hakatere,None,None,,,,
CBS01, 12-Oct-2023, 17:58:22,Kakapo,Hakatere,None,None,,,,
CBS01, 12-Oct-2023, 17:59:14,Kakapo,Hakatere,None,None,,,,
CBS01, 12-Oct-2023, 17:59:44,Kakapo,Hakatere,None,None,,,,
CBS01, 12-Oct-2023, 18:00:18,Kakapo,Hakatere,None,None,,,,
CBS01, 12-Oct-2023, 18:02:00,Kakapo,Hakatere,None,None,,,,
CBS01, 12-Oct-2023, 18:03:00,Kakapo,Hakatere,None,None,,,,
CBS01, 12-Oct-2023, 18:05:28,Kakapo,Hakatere,None,None,,,,
CBS01, 12-Oct-2023, 18:07:52,Kakapo,Hakatere,None,None,,,,
CBS01, 12-Oct-2023, 18:09:10,Kakapo,Hakatere,None,None,,,,
CBS01, 12-Oct-2023, 18:09:36,Kakapo,Hakatere,None,None,,,,
CBS01, 12-Oct-2023, 18:10:30,Kakapo,Hakatere,Encounter,None,,,,
CBS01, 12-Oct-2023, 18:11:18,Kakapo,Hakatere,Encounter,None,,,,
CBS01, 12-Oct-2023, 18:11:52,Kakapo,Hakatere,Encounter,None,,,,
CBS01, 12-Oct-2023, 18:13:46,Kakapo,Hakatere,None,None,,,,
CBS01, 12-Oct-2023, 18:14:16,Kakapo,Hakatere,Encounter,None,,,,
CBS01, 12-Oct-2023, 18:18:02,Kakapo,Hakatere,Encounter,None,,,,
CBS01, 15-Oct-2023, 21:00:55,Kakapo,Hakatere,None,None,,,,
CBS01, 15-Oct-2023, 21:00:56,Kakapo,Hakatere,None,None,,,,
CBS01, 15-Oct-2023, 21:00:56,Kakapo,Hakatere,None,None,,,,
CBS01, 15-Oct-2023, 21:00:56,Kakapo,Hakatere,None,None,,,,
CBS01, 15-Oct-2023, 21:00:57,Kakapo,Hakatere,None,None,,,,
CBS01, 15-Oct-2023, 21:00:57,Kakapo,Hakatere,None,None,,,,
CBS01, 15-Oct-2023, 21:00:57,Kakapo,Hakatere,None,None,,,,
CBS01, 15-Oct-2023, 21:00:58,Kakapo,Hakatere,None,None,,,,
CBS01, 15-Oct-2023, 21:00:58,Kakapo,Hakatere,None,None,,,,
CBS01, 15-Oct-2023, 21:00:59,Kakapo,Hakatere,None,None,,,,
CBS01, 15-Oct-2023, 21:00:59,Kakapo,Hakatere,None,None,,,,
CBS01, 15-Oct-2023, 21:00:59,Kakapo,Hakatere,None,None,,,,
CBS01, 15-Oct-2023, 21:01:00,Kakapo,Hakatere,None,None,,,,
CBS01, 15-Oct-2023, 21:01:00,Kakapo,Hakatere,None,None,,,,
CBS01, 15-Oct-2023, 21:01:00,Kakapo,Hakatere,None,None,,,,
CBS01, 15-Oct-2023, 21:01:01,Kakapo,Hakatere,None,None,,,,
CBS01, 15-Oct-2023, 21:01:01,Kakapo,Hakatere,None,None,,,,
CBS01, 15-Oct-2023, 21:01:02,Kakapo,Hakatere,None,None,,,,
CBS01, 15-Oct-2023, 21:01:02,Kakapo,Hakatere,None,None,,,,
CBS01, 15-Oct-2023, 21:01:02,Kakapo,Hakatere,None,None,,,,
CBS01, 15-Oct-2023, 21:01:03,Kakapo,Hakatere,None,None,,,,
CBS01, 15-Oct-2023, 21:01:03,Kakapo,Hakatere,None,None,,,,
CBS01, 15-Oct-2023, 21:01:03,Kakapo,Hakatere,None,None,,,,
CBS01, 15-Oct-2023, 21:01:04,Kakapo,Hakatere,None,None,,,,
CBS01, 15-Oct-2023, 21:01:04,Kakapo,Hakatere,None,None,,,,
CBS01, 15-Oct-2023, 21:01:04,Kakapo,Hakatere,None,None,,,,
CBS01, 15-Oct-2023, 21:01:05,Kakapo,Hakatere,None,None,,,,
CBS01, 15-Oct-2023, 21:01:05,Kakapo,Hakatere,None,None,,,,
CBS01, 15-Oct-2023, 21:01:06,Kakapo,Hakatere,None,None,,,,
CBS01, 15-Oct-2023, 21:01:06,Kakapo,Hakatere,None,None,,,,
CBS01, 15-Oct-2023, 21:01:06,Kakapo,Hakatere,None,None,,,,
CBS01, 15-Oct-2023, 21:01:07,Kakapo,Hakatere,None,None,,,,
CBS01, 15-Oct-2023, 21:01:07,Kakapo,Hakatere,None,None,,,,
CBS01, 15-Oct-2023, 21:01:07,Kakapo,Hakatere,None,None,,,,
CBS01, 15-Oct-2023, 21:01:08,Kakapo,Hakatere,None,None,,,,
CBS01, 15-Oct-2023, 21:01:08,Kakapo,Hakatere,None,None,,,,
CBS01, 15-Oct-2023, 21:01:09,Kakapo,Hakatere,None,None,,,,
CBS01, 15-Oct-2023, 21:01:09,Kakapo,Hakatere,None,None,,,,
CBS01, 15-Oct-2023, 21:01:09,Kakapo,Hakatere,None,None,,,,
CBS01, 15-Oct-2023, 21:01:10,Kakapo,Hakatere,None,None,,,,
CBS01, 15-Oct-2023, 21:01:10,Kakapo,Hakatere,None,None,,,,
CBS01, 15-Oct-2023, 21:01:11,Kakapo,Hakatere,None,None,,,,
CBS01, 15-Oct-2023, 21:01:11,Kakapo,Hakatere,Encounter,None,,,,
CBS01, 15-Oct-2023, 21:01:11,Kakapo,Hakatere,Encounter,None,,,,
CBS01, 15-Oct-2023, 21:01:12,Kakapo,Hakatere,Encounter,None,,,,
CBS01, 15-Oct-2023, 21:01:12,Kakapo,Hakatere,None,None,,,,
CBS01, 15-Oct-2023, 21:01:13,Kakapo,Hakatere,None,None,,,,
CBS01, 15-Oct-2023, 21:01:13,Kakapo,Hakatere,None,None,,,,
CBS01, 15-Oct-2023, 21:01:13,Kakapo,Hakatere,None,None,,,,
CBS01, 15-Oct-2023, 21:01:14,Kakapo,Hakatere,None,None,,,,
CBS01, 15-Oct-2023, 21:01:14,Kakapo,Hakatere,None,None,,,,
CBS01, 15-Oct-2023, 21:01:14,Kakapo,Hakatere,None,None,,,,
CBS01, 15-Oct-2023, 21:01:15,Kakapo,Hakatere,None,None,,,,
CBS01, 15-Oct-2023, 21:01:15,Kakapo,Hakatere,None,None,,,,
CBS01, 15-Oct-2023, 21:01:16,Kakapo,Hakatere,None,None,,,,
CBS01, 15-Oct-2023, 21:01:16,Kakapo,Hakatere,None,None,,,,
CBS01, 15-Oct-2023, 21:01:17,Kakapo,Hakatere,None,None,,,,
CBS01, 15-Oct-2023, 21:01:17,Kakapo,Hakatere,Encounter,None,,,,
CBS01, 15-Oct-2023, 21:01:17,Kakapo,Hakatere,None,None,,,,
CBS01, 15-Oct-2023, 21:01:18,Kakapo,Hakatere,None,None,,,,
CBS01, 15-Oct-2023, 21:01:18,Kakapo,Hakatere,None,None,,,,
CBS01, 15-Oct-2023, 21:01:18,Kakapo,Hakatere,None,None,,,,
CBS01, 15-Oct-2023, 21:01:19,Kakapo,Hakatere,None,None,,,,
CBS01, 15-Oct-2023, 21:01:19,Kakapo,Hakatere,None,None,,,,
CBS01, 15-Oct-2023, 21:01:20,Kakapo,Hakatere,None,None,,,,
CBS01, 15-Oct-2023, 21:01:20,Kakapo,Hakatere,None,None,,,,
CBS01, 15-Oct-2023, 21:01:20,Kakapo,Hakatere,None,None,,,,
CBS01, 15-Oct-2023, 21:01:21,Kakapo,Hakatere,None,None,,,,
CBS01, 15-Oct-2023, 21:01:21,Kakapo,Hakatere,None,None,,,,
CBS01, 15-Oct-2023, 21:01:21,Kakapo,Hakatere,None,None,,,,
CBS01, 15-Oct-2023, 21:01:22,Kakapo,Hakatere,None,None,,,,
CBS01, 15-Oct-2023, 21:01:22,Kakapo,Hakatere,None,None,,,,
CBS01, 15-Oct-2023, 21:01:23,Kakapo,Hakatere,None,None,,,,
CBS01, 15-Oct-2023, 21:01:23,Kakapo,Hakatere,None,None,,,,
CBS01, 15-Oct-2023, 21:01:23,Kakapo,Hakatere,None,None,,,,
CBS01, 15-Oct-2023, 21:01:24,Kakapo,Hakatere,None,None,,,,
CBS01, 15-Oct-2023, 21:01:24,Kakapo,Hakatere,None,None,,,,
CBS01, 15-Oct-2023, 21:01:24,Kakapo,Hakatere,None,None,,,,
CBS01, 15-Oct-2023, 21:01:25,Kakapo,Hakatere,Encounter,None,,,,
CBS01, 15-Oct-2023, 21:01:25,Kakapo,Hakatere,Encounter,None,,,,
CBS01, 15-Oct-2023, 21:01:25,Kakapo,Hakatere,Encounter,None,,,,
CBS01, 15-Oct-2023, 21:01:26,Kakapo,Hakatere,Encounter,None,,,,
CBS01, 15-Oct-2023, 21:01:26,Kakapo,Hakatere,Encounter,None,,,,
CBS01, 15-Oct-2023, 21:01:26,Kakapo,Hakatere,None,None,,,,
CBS01, 15-Oct-2023, 21:01:27,Kakapo,Hakatere,None,None,,,,
CBS01, 15-Oct-2023, 21:01:27,Kakapo,Hakatere,None,None,,,,
CBS01, 15-Oct-2023, 21:01:28,Kakapo,Hakatere,None,None,,,,
CBS01, 15-Oct-2023, 21:01:28,Kakapo,Hakatere,None,None,,,,
CBS01, 15-Oct-2023, 21:01:28,Kakapo,Hakatere,None,None,,,,
CBS01, 15-Oct-2023, 21:01:29,Kakapo,Hakatere,None,None,,,,
CBS01, 15-Oct-2023, 21:01:29,Kakapo,Hakatere,None,None,,,,
CBS01, 15-Oct-2023, 21:01:29,Kakapo,Hakatere,None,None,,,,
CBS01, 15-Oct-2023, 21:01:30,Kakapo,Hakatere,None,None,,,,
CBS01, 15-Oct-2023, 21:01:30,Kakapo,Hakatere,None,None,,,,
CBS01, 15-Oct-2023, 21:01:30,Kakapo,Hakatere,None,None,,,,
CBS01, 15-Oct-2023, 21:01:31,Kakapo,Hakatere,None,None,,,,
CBS01, 15-Oct-2023, 21:01:31,Kakapo,Hakatere,None,None,,,,
CBS01, 15-Oct-2023, 21:01:31,Kakapo,Hakatere,None,None,,,,
CBS01, 15-Oct-2023, 21:01:32,Kakapo,Hakatere,None,None,,,,
CBS01, 15-Oct-2023, 21:01:32,Kakapo,Hakatere,None,None,,,,
CBS01, 15-Oct-2023, 21:01:33,Kakapo,Hakatere,None,None,,,,
CBS01, 15-Oct-2023, 21:01:33,Kakapo,Hakatere,None,None,,,,
CBS01, 15-Oct-2023, 21:01:33,Kakapo,Hakatere,None,None,,,,
CBS01, 15-Oct-2023, 21:01:34,Kakapo,Hakatere,None,None,,,,
CBS01, 15-Oct-2023, 21:01:34,Kakapo,Hakatere,None,None,,,,
CBS01, 15-Oct-2023, 21:01:34,Kakapo,Hakatere,None,None,,,,
CBS01, 15-Oct-2023, 21:01:35,Kakapo,Hakatere,None,None,,,,
CBS01, 15-Oct-2023, 21:01:35,Kakapo,Hakatere,None,None,,,,
CBS01, 15-Oct-2023, 21:01:36,Kakapo,Hakatere,None,None,,,,
CBS01, 15-Oct-2023, 21:01:36,Kakapo,Hakatere,None,None,,,,
CBS01, 15-Oct-2023, 21:01:36,Kakapo,Hakatere,None,None,,,,
CBS01, 15-Oct-2023, 21:02:07,Kakapo,Hakatere,Encounter,None,,,,
CBS01, 15-Oct-2023, 21:02:08,Kakapo,Hakatere,None,None,,,,
CBS01, 15-Oct-2023, 21:02:08,Kakapo,Hakatere,None,None,,,,
CBS01, 15-Oct-2023, 21:02:08,Kakapo,Hakatere,None,None,,,,
CBS01, 15-Oct-2023, 21:02:09,Kakapo,Hakatere,None,None,,,,
CBS01, 15-Oct-2023, 21:02:09,Kakapo,Hakatere,None,None,,,,
CBS01, 15-Oct-2023, 21:02:10,Kakapo,Hakatere,None,None,,,,
CBS01, 15-Oct-2023, 21:02:10,Kakapo,Hakatere,None,None,,,,
CBS01, 15-Oct-2023, 21:02:10,Kakapo,Hakatere,None,None,,,,
CBS01, 15-Oct-2023, 21:02:11,Kakapo,Hakatere,None,None,,,,
CBS01, 15-Oct-2023, 21:02:11,Kakapo,Hakatere,None,None,,,,
CBS01, 15-Oct-2023, 21:02:12,Kakapo,Hakatere,None,None,,,,
CBS01, 15-Oct-2023, 21:02:12,Kakapo,Hakatere,None,None,,,,
CBS01, 15-Oct-2023, 21:02:12,Kakapo,Hakatere,None,None,,,,
CBS01, 15-Oct-2023, 21:02:13,Kakapo,Hakatere,None,None,,,,
CBS01, 15-Oct-2023, 21:02:13,Kakapo,Hakatere,None,None,,,,
CBS01, 15-Oct-2023, 21:02:13,Kakapo,Hakatere,None,None,,,,
CBS01, 15-Oct-2023, 21:02:14,Kakapo,Hakatere,None,None,,,,
CBS01, 15-Oct-2023, 21:02:14,Kakapo,Hakatere,None,None,,,,
CBS01, 15-Oct-2023, 21:02:15,Kakapo,Hakatere,None,None,,,,
CBS01, 15-Oct-2023, 21:02:15,Kakapo,Hakatere,None,None,,,,
CBS01, 15-Oct-2023, 21:02:15,Kakapo,Hakatere,None,None,,,,
CBS01, 15-Oct-2023, 21:02:16,Kakapo,Hakatere,None,None,,,,
CBS01, 15-Oct-2023, 21:02:16,Kakapo,Hakatere,None,None,,,,
CBS01, 15-Oct-2023, 21:02:17,Kakapo,Hakatere,None,None,,,,
CBS01, 15-Oct-2023, 21:02:17,Kakapo,Hakatere,None,None,,,,
CBS01, 15-Oct-2023, 21:02:17,Kakapo,Hakatere,None,None,,,,
CBS01, 15-Oct-2023, 21:02:18,Kakapo,Hakatere,None,None,,,,
CBS01, 15-Oct-2023, 21:02:18,Kakapo,Hakatere,None,None,,,,
CBS01, 15-Oct-2023, 21:02:19,Kakapo,Hakatere,None,None,,,,
CBS01, 15-Oct-2023, 21:02:19,Kakapo,Hakatere,None,None,,,,
CBS01, 15-Oct-2023, 21:02:19,Kakapo,Hakatere,None,None,,,,
CBS01, 15-Oct-2023, 21:02:20,Kakapo,Hakatere,None,None,,,,
CBS01, 15-Oct-2023, 21:02:20,Kakapo,Hakatere,None,None,,,,
CBS01, 15-Oct-2023, 21:02:21,Kakapo,Hakatere,None,None,,,,
CBS01, 15-Oct-2023, 21:02:21,Kakapo,Hakatere,None,None,,,,
CBS01, 15-Oct-2023, 21:02:21,Kakapo,Hakatere,None,None,,,,
CBS01, 15-Oct-2023, 21:02:22,Kakapo,Hakatere,None,None,,,,
CBS01, 15-Oct-2023, 21:02:22,Kakapo,Hakatere,None,None,,,,
CBS01, 15-Oct-2023, 21:02:22,Kakapo,Hakatere,None,None,,,,
CBS01, 15-Oct-2023, 21:02:23,Kakapo,Hakatere,None,None,,,,
CBS01, 15-Oct-2023, 21:02:23,Kakapo,Hakatere,None,None,,,,
CBS01, 15-Oct-2023, 21:02:24,Kakapo,Hakatere,None,None,,,,
CBS01, 15-Oct-2023, 21:02:24,Kakapo,Hakatere,None,None,,,,
CBS01, 15-Oct-2023, 21:02:24,Kakapo,Hakatere,None,None,,,,
CBS01, 15-Oct-2023, 21:02:25,Kakapo,Hakatere,None,None,,,,
CBS01, 15-Oct-2023, 21:02:25,Kakapo,Hakatere,None,None,,,,
CBS01, 15-Oct-2023, 21:02:26,Kakapo,Hakatere,None,None,,,,
CBS01, 15-Oct-2023, 21:02:26,Kakapo,Hakatere,None,None,,,,
CBS01, 15-Oct-2023, 21:02:27,Kakapo,Hakatere,None,None,,,,
CBS01, 15-Oct-2023, 21:02:27,Kakapo,Hakatere,None,None,,,,
CBS01, 15-Oct-2023, 21:02:27,Kakapo,Hakatere,None,None,,,,
CBS01, 15-Oct-2023, 21:02:28,Kakapo,Hakatere,None,None,,,,
CBS01, 15-Oct-2023, 21:02:28,Kakapo,Hakatere,None,None,,,,
CBS01, 15-Oct-2023, 21:02:29,Kakapo,Hakatere,None,None,,,,
CBS01, 15-Oct-2023, 21:02:29,Kakapo,Hakatere,None,None,,,,
CBS01, 15-Oct-2023, 21:02:29,Kakapo,Hakatere,None,None,,,,
CBS01, 15-Oct-2023, 21:02:30,Kakapo,Hakatere,None,None,,,,
CBS01, 15-Oct-2023, 21:02:30,Kakapo,Hakatere,None,None,,,,
CBS01, 15-Oct-2023, 21:02:30,Kakapo,Hakatere,None,None,,,,
CBS01, 15-Oct-2023, 21:02:31,Kakapo,Hakatere,None,None,,,,
CBS01, 15-Oct-2023, 21:02:31,Kakapo,Hakatere,None,None,,,,
CBS01, 15-Oct-2023, 21:02:32,Kakapo,Hakatere,None,None,,,,
CBS01, 15-Oct-2023, 21:02:32,Kakapo,Hakatere,None,None,,,,
CBS01, 15-Oct-2023, 21:02:32,Kakapo,Hakatere,None,None,,,,
CBS01, 15-Oct-2023, 21:02:33,Kakapo,Hakatere,None,None,,,,
CBS01, 15-Oct-2023, 21:02:33,Kakapo,Hakatere,None,None,,,,
CBS01, 15-Oct-2023, 21:02:33,Kakapo,Hakatere,None,None,,,,
CBS01, 15-Oct-2023, 21:02:34,Kakapo,Hakatere,None,None,,,,
CBS01, 15-Oct-2023, 21:02:34,Kakapo,Hakatere,None,None,,,,
CBS01, 15-Oct-2023, 21:02:35,Kakapo,Hakatere,None,None,,,,
CBS01, 15-Oct-2023, 21:02:35,Kakapo,Hakatere,None,None,,,,
CBS01, 15-Oct-2023, 21:02:35,Kakapo,Hakatere,None,None,,,,
CBS01, 15-Oct-2023, 21:02:36,Kakapo,Hakatere,None,None,,,,
CBS01, 15-Oct-2023, 21:02:36,Kakapo,Hakatere,None,None,,,,
CBS01, 15-Oct-2023, 21:02:36,Kakapo,Hakatere,None,None,,,,
CBS01, 15-Oct-2023, 21:02:37,Kakapo,Hakatere,None,None,,,,
CBS01, 15-Oct-2023, 21:02:37,Kakapo,Hakatere,None,None,,,,
CBS01, 15-Oct-2023, 21:02:38,Kakapo,Hakatere,None,None,,,,
CBS01, 15-Oct-2023, 21:02:38,Kakapo,Hakatere,None,None,,,,
CBS01, 15-Oct-2023, 21:02:38,Kakapo,Hakatere,None,None,,,,
CBS01, 15-Oct-2023, 21:02:39,Kakapo,Hakatere,Encounter,None,,,,
CBS01, 15-Oct-2023, 21:02:39,Kakapo,Hakatere,Encounter,None,,,,
CBS01, 15-Oct-2023, 21:02:39,Kakapo,Hakatere,Encounter,None,,,,
CBS01, 15-Oct-2023, 21:02:40,Kakapo,Hakatere,None,None,,,,
CBS01, 15-Oct-2023, 21:02:40,Kakapo,Hakatere,None,None,,,,
CBS01, 15-Oct-2023, 21:02:41,Kakapo,Hakatere,None,None,,,,
CBS01, 15-Oct-2023, 21:02:41,Kakapo,Hakatere,None,None,,,,
CBS01, 15-Oct-2023, 21:02:41,Kakapo,Hakatere,None,None,,,,
CBS01, 15-Oct-2023, 21:02:42,Kakapo,Hakatere,None,None,,,,
CBS01, 15-Oct-2023, 21:02:42,Kakapo,Hakatere,None,None,,,,
CBS01, 15-Oct-2023, 21:02:43,Kakapo,Hakatere,None,None,,,,
CBS01, 15-Oct-2023, 21:02:43,Kakapo,Hakatere,None,None,,,,
CBS01, 15-Oct-2023, 21:02:43,Kakapo,Hakatere,None,None,,,,
CBS01, 15-Oct-2023, 21:02:44,Kakapo,Hakatere,None,None,,,,
CBS01, 15-Oct-2023, 21:02:44,Kakapo,Hakatere,None,None,,,,
CBS01, 15-Oct-2023, 21:02:45,Kakapo,Hakatere,None,None,,,,
CBS01, 15-Oct-2023, 21:02:45,Kakapo,Hakatere,None,None,,,,
CBS01, 15-Oct-2023, 21:02:45,Kakapo,Hakatere,None,None,,,,
CBS01, 15-Oct-2023, 21:02:46,Kakapo,Hakatere,None,None,,,,
CBS01, 15-Oct-2023, 21:02:46,Kakapo,Hakatere,None,None,,,,
CBS01, 15-Oct-2023, 21:02:47,Kakapo,Hakatere,None,None,,,,
CBS01, 15-Oct-2023, 21:02:47,Kakapo,Hakatere,None,None,,,,
CBS01, 15-Oct-2023, 21:02:47,Kakapo,Hakatere,None,None,,,,
CBS01, 15-Oct-2023, 21:02:48,Kakapo,Hakatere,None,None,,,,
CBS01, 15-Oct-2023, 21:02:48,Kakapo,Hakatere,None,None,,,,
CBS01, 15-Oct-2023, 21:02:48,Kakapo,Hakatere,None,None,,,,
CBS01, 15-Oct-2023, 21:02:49,Kakapo,Hakatere,None,None,,,,
CBS01, 15-Oct-2023, 21:02:49,Kakapo,Hakatere,None,None,,,,
CBS01, 15-Oct-2023, 21:02:50,Kakapo,Hakatere,None,None,,,,
CBS01, 15-Oct-2023, 21:02:50,Kakapo,Hakatere,None,None,,,,
CBS01, 15-Oct-2023, 21:02:50,Kakapo,Hakatere,None,None,,,,
CBS01, 15-Oct-2023, 21:02:51,Kakapo,Hakatere,None,None,,,,
CBS01, 15-Oct-2023, 21:02:51,Kakapo,Hakatere,None,None,,,,
CBS01, 15-Oct-2023, 21:02:51,Kakapo,Hakatere,Encounter,None,,,,
CBS01, 15-Oct-2023, 21:02:52,Kakapo,Hakatere,None,None,,,,
CBS01, 15-Oct-2023, 21:02:52,Kakapo,Hakatere,None,None,,,,
CBS01, 15-Oct-2023, 21:02:53,Kakapo,Hakatere,None,None,,,,
CBS01, 15-Oct-2023, 21:02:53,Kakapo,Hakatere,None,None,,,,
CBS01, 15-Oct-2023, 21:02:53,Kakapo,Hakatere,Encounter,None,,,,
CBS01, 15-Oct-2023, 21:02:54,Kakapo,Hakatere,None,None,,,,
CBS01, 15-Oct-2023, 21:02:54,Kakapo,Hakatere,None,None,,,,
CBS01, 15-Oct-2023, 21:02:54,Kakapo,Hakatere,None,None,,,,
CBS01, 15-Oct-2023, 21:02:55,Kakapo,Hakatere,None,None,,,,
CBS01, 15-Oct-2023, 21:02:55,Kakapo,Hakatere,None,None,,,,
CBS01, 15-Oct-2023, 21:02:56,Kakapo,Hakatere,None,None,,,,
CBS01, 15-Oct-2023, 21:02:56,Kakapo,Hakatere,None,None,,,,
CBS01, 15-Oct-2023, 21:02:56,Kakapo,Hakatere,Encounter,None,,,,
CBS01, 15-Oct-2023, 21:02:57,Kakapo,Hakatere,None,None,,,,
CBS01, 15-Oct-2023, 21:02:57,Kakapo,Hakatere,None,None,,,,
CBS01, 15-Oct-2023, 21:02:58,Kakapo,Hakatere,None,None,,,,
CBS01, 15-Oct-2023, 21:02:58,Kakapo,Hakatere,None,None,,,,
CBS01, 15-Oct-2023, 21:02:58,Kakapo,Hakatere,None,None,,,,
CBS01, 15-Oct-2023, 21:02:59,Kakapo,Hakatere,None,None,,,,
CBS01, 15-Oct-2023, 21:02:59,Kakapo,Hakatere,None,None,,,,
CBS01, 15-Oct-2023, 21:02:59,Kakapo,Hakatere,None,None,,,,
CBS01, 15-Oct-2023, 21:03:00,Kakapo,Hakatere,None,None,,,,
CBS01, 15-Oct-2023, 21:03:00,Kakapo,Hakatere,None,None,,,,
CBS01, 15-Oct-2023, 21:03:01,Kakapo,Hakatere,None,None,,,,
CBS01, 15-Oct-2023, 21:03:02,Kakapo,Hakatere,None,None,,,,
CBS01, 15-Oct-2023, 21:03:02,Kakapo,Hakatere,None,None,,,,
CBS01, 15-Oct-2023, 21:03:02,Kakapo,Hakatere,None,None,,,,
CBS01, 15-Oct-2023, 21:03:03,Kakapo,Hakatere,None,None,,,,
CBS01, 15-Oct-2023, 21:03:03,Kakapo,Hakatere,None,None,,,,
CBS01, 15-Oct-2023, 21:03:04,Kakapo,Hakatere,None,None,,,,
CBS01, 15-Oct-2023, 21:03:04,Kakapo,Hakatere,None,None,,,,
CBS01, 15-Oct-2023, 21:03:04,Kakapo,Hakatere,None,None,,,,
CBS01, 15-Oct-2023, 21:03:05,Kakapo,Hakatere,None,None,,,,
CBS01, 15-Oct-2023, 21:03:05,Kakapo,Hakatere,None,None,,,,
CBS01, 15-Oct-2023, 21:03:05,Kakapo,Hakatere,None,None,,,,
CBS01, 15-Oct-2023, 21:03:06,Kakapo,Hakatere,None,None,,,,
CBS01, 15-Oct-2023, 21:03:06,Kakapo,Hakatere,None,None,,,,
CBS01, 15-Oct-2023, 21:03:07,Kakapo,Hakatere,None,None,,,,
CBS01, 15-Oct-2023, 21:03:07,Kakapo,Hakatere,Encounter,None,,,,
CBS01, 15-Oct-2023, 21:03:07,Kakapo,Hakatere,None,None,,,,
CBS01, 15-Oct-2023, 21:03:08,Kakapo,Hakatere,None,None,,,,
CBS01, 15-Oct-2023, 21:03:08,Kakapo,Hakatere,None,None,,,,
CBS01, 15-Oct-2023, 21:03:08,Kakapo,Hakatere,None,None,,,,
CBS01, 15-Oct-2023, 21:03:09,Kakapo,Hakatere,None,None,,,,
CBS01, 15-Oct-2023, 21:03:09,Kakapo,Hakatere,None,None,,,,
CBS01, 15-Oct-2023, 21:03:10,Kakapo,Hakatere,None,None,,,,
CBS01, 15-Oct-2023, 21:03:10,Kakapo,Hakatere,None,None,,,,
CBS01, 15-Oct-2023, 21:03:10,Kakapo,Hakatere,None,None,,,,
CBS01, 15-Oct-2023, 21:03:11,Kakapo,Hakatere,None,None,,,,
CBS01, 15-Oct-2023, 21:03:11,Kakapo,Hakatere,Encounter,None,,,,
CBS01, 15-Oct-2023, 21:03:11,Kakapo,Hakatere,None,None,,,,
CBS01, 15-Oct-2023, 21:03:12,Kakapo,Hakatere,None,None,,,,
CBS01, 15-Oct-2023, 21:03:12,Kakapo,Hakatere,None,None,,,,
CBS01, 15-Oct-2023, 21:03:13,Kakapo,Hakatere,None,None,,,,
CBS01, 15-Oct-2023, 21:03:13,Kakapo,Hakatere,None,None,,,,
CBS01, 15-Oct-2023, 21:03:13,Kakapo,Hakatere,None,None,,,,
CBS01, 15-Oct-2023, 21:03:14,Kakapo,Hakatere,Encounter,None,,,,
CBS01, 15-Oct-2023, 21:03:14,Kakapo,Hakatere,Encounter,None,,,,
CBS01, 15-Oct-2023, 21:03:15,Kakapo,Hakatere,Encounter,None,,,,
CBS01, 15-Oct-2023, 21:03:15,Kakapo,Hakatere,Encounter,None,,,,
CBS02, 10-Oct-2023, 11:47:40,Kakapo,Margaret-Maree,Encounter,None,,,,
CBS02, 10-Oct-2023, 12:44:18,Kakapo,Margaret-Maree,Encounter,None,,,,
CBS02, 11-Oct-2023, 14:09:50,Kakapo,Margaret-Maree,Encounter,None,,,,
CBS02, 11-Oct-2023, 19:04:16,Kakapo,Margaret-Maree,Encounter,None,,,,
CBS02, 12-Oct-2023, 12:50:44,Kakapo,Margaret-Maree,Encounter,None,,,,
CBS02, 14-Oct-2023, 15:59:10,Kakapo,Margaret-Maree,Encounter,None,,,,
CBS03\1, 10-Oct-2023, 13:52:40,Kakapo,Wehe-Po,Look,Encounter,,,,
CBS03\1, 11-Oct-2023, 14:07:44,Kakapo,Wehe-Po,Encounter,Encounter,,,,
CBS03\1, 11-Oct-2023, 14:17:16,Kakapo,Wehe-Po,Encounter,Encounter,,,,
CBS03\1, 11-Oct-2023, 14:18:06,Kakapo,Wehe-Po,Encounter,Encounter,,,,
CBS03\1, 11-Oct-2023, 15:06:08,Kakapo,Wehe-Po,Encounter,Encounter,,,,
CBS03\1, 11-Oct-2023, 15:07:04,Kakapo,Wehe-Po,Encounter,Encounter,,,,
CBS03\1, 12-Oct-2023, 10:58:58,Kakapo,Wehe-Po,Encounter,Encounter,,,,
CBS03\1, 12-Oct-2023, 12:51:38,Kakapo,Wehe-Po,Encounter,Encounter,,,,
CBS03\1, 12-Oct-2023, 16:04:44,Kakapo,Wehe-Po,Encounter,Encounter,,,,
CBS03\1, 12-Oct-2023, 18:39:00,Kakapo,Wehe-Po,Look,Encounter,,,,
CBS03\1, 12-Oct-2023, 18:39:32,Kakapo,Wehe-Po,Encounter,Encounter,,,,
CBS03\1, 12-Oct-2023, 18:41:00,Kakapo,Wehe-Po,Encounter,Encounter,,,,
CBS03\2, 13-Oct-2023, 10:17:42,Kakapo,Wehe-Po,None,None,,,,
CBS03\2, 13-Oct-2023, 10:18:38,Kakapo,Wehe-Po,Touch accidental,Encounter,,,,Bat
CBS03\2, 13-Oct-2023, 10:19:52,Kakapo,Wehe-Po,None,None,,,,
CBS03\2, 13-Oct-2023, 10:21:40,Kakapo,Wehe-Po,None,None,,,,
CBS03\2, 13-Oct-2023, 10:22:36,Kakapo,Wehe-Po,None,None,,,,
CBS03\2, 13-Oct-2023, 10:24:40,Kakapo,Wehe-Po,None,None,,,,
CBS03\2, 13-Oct-2023, 10:25:54,Kakapo,Wehe-Po,None,None,,,,
CBS03\2, 13-Oct-2023, 10:29:26,Kakapo,Wehe-Po,None,None,,,,
CBS03\2, 13-Oct-2023, 10:31:00,Kakapo,Wehe-Po,None,None,,,,
CBS03\2, 13-Oct-2023, 10:35:50,Kakapo,Wehe-Po,Encounter,Encounter,,,,
CBS03\2, 13-Oct-2023, 10:47:02,Kakapo,Wehe-Po,None,None,,,,
CBS03\2, 13-Oct-2023, 10:50:42,Kakapo,Wehe-Po,None,None,,,,
CBS03\2, 13-Oct-2023, 10:55:38,Kakapo,Wehe-Po,Encounter,Encounter,,,,
CBS03\2, 13-Oct-2023, 11:21:30,Kakapo,Wehe-Po,None,None,,,,
CBS03\2, 13-Oct-2023, 11:22:34,Kakapo,Wehe-Po,Encounter,None,,,,
CBS03\2, 13-Oct-2023, 11:23:44,Kakapo,Wehe-Po,Encounter,None,,,,
CBS03\2, 13-Oct-2023, 11:26:06,Kakapo,Wehe-Po,Encounter,None,,,,
CBS03\2, 13-Oct-2023, 11:28:14,Kakapo,Wehe-Po,None,None,,,,
CBS03\2, 13-Oct-2023, 11:34:48,Kakapo,Wehe-Po,Encounter,None,,,,
CBS03\2, 13-Oct-2023, 11:44:10,Kakapo,Wehe-Po,Encounter,Encounter,,,,
CBS03\2, 13-Oct-2023, 11:44:46,Kakapo,Wehe-Po,Encounter,Encounter,,,,
CBS03\2, 13-Oct-2023, 11:46:18,Kakapo,Wehe-Po,None,None,,,,
CBS03\2, 13-Oct-2023, 11:47:26,Kakapo,Wehe-Po,Encounter,None,,,,
CBS03\2, 13-Oct-2023, 12:12:38,Kakapo,Wehe-Po,None,None,,,,
CBS03\2, 13-Oct-2023, 12:50:44,Kakapo,Wehe-Po,None,None,,,,
CBS03\2, 13-Oct-2023, 12:52:34,Kakapo,Wehe-Po,None,None,,,,
CBS03\2, 13-Oct-2023, 12:55:30,Kakapo,Wehe-Po,Encounter,Encounter,,,,
CBS03\2, 13-Oct-2023, 12:58:00,Kakapo,Wehe-Po,Encounter,Encounter,,,,
CBS03\2, 13-Oct-2023, 13:31:40,Kakapo,Wehe-Po,None,None,,,,
CBS03\2, 13-Oct-2023, 13:32:32,Kakapo,Wehe-Po,Encounter,Touch accidental,,,,
CBS03\2, 13-Oct-2023, 13:33:06,Kakapo,Wehe-Po,Encounter,Bite,,,,
CBS03\2, 13-Oct-2023, 13:33:40,Kakapo,Wehe-Po,Encounter,Bite,,,,
CBS03\2, 13-Oct-2023, 13:34:12,Kakapo,Wehe-Po,Look,Bite,,,,
CBS03\2, 13-Oct-2023, 13:34:34,Kakapo,Wehe-Po,Encounter,Bite,,,,
CBS03\2, 13-Oct-2023, 13:34:56,Kakapo,Wehe-Po,Encounter,Bite,,,,
CBS03\2, 13-Oct-2023, 13:35:40,Kakapo,Wehe-Po,Encounter,Encounter,,,,
CBS03\2, 13-Oct-2023, 13:36:18,Kakapo,Wehe-Po,Encounter,Bite,,,,
CBS03\2, 13-Oct-2023, 13:36:44,Kakapo,Wehe-Po,Encounter,Consumption,,,,
CBS03\2, 13-Oct-2023, 13:37:14,Kakapo,Wehe-Po,Encounter,Bite,,,,
CBS03\2, 13-Oct-2023, 13:37:38,Kakapo,Wehe-Po,Encounter,Consumption,,,,
CBS03\2, 13-Oct-2023, 13:38:02,Kakapo,Wehe-Po,Encounter,Consumption,,,,
CBS03\2, 13-Oct-2023, 13:38:36,Kakapo,Wehe-Po,Encounter,Consumption,,,,
CBS03\2, 13-Oct-2023, 13:38:58,Kakapo,Wehe-Po,Look,Bite,,,,
CBS03\2, 13-Oct-2023, 13:39:24,Kakapo,Wehe-Po,Touch,Encounter,,,,Moves RMS with bill
CBS03\2, 13-Oct-2023, 13:40:30,Kakapo,Wehe-Po,Look,Consumption,,,,
CBS03\2, 13-Oct-2023, 13:41:42,Kakapo,Wehe-Po,Encounter,Bite,,,,
CBS03\2, 13-Oct-2023, 13:42:08,Kakapo,Wehe-Po,Encounter,Touch,,,,
CBS03\2, 13-Oct-2023, 13:42:44,Kakapo,Wehe-Po,Encounter,Bite,,,,
CBS03\2, 13-Oct-2023, 13:43:12,Kakapo,Wehe-Po,Encounter,Consumption,,,,
CBS03\2, 13-Oct-2023, 13:43:46,Kakapo,Wehe-Po,Encounter,Consumption,,,,
CBS03\2, 13-Oct-2023, 13:44:12,Kakapo,Wehe-Po,Encounter,Consumption,,,,
CBS03\2, 13-Oct-2023, 13:44:34,Kakapo,Wehe-Po,Encounter,Consumption,,,,
CBS03\2, 13-Oct-2023, 13:44:58,Kakapo,Wehe-Po,Encounter,Consumption,,,,
CBS03\2, 13-Oct-2023, 13:45:22,Kakapo,Wehe-Po,Encounter,Consumption,,,,good example videos
CBS03\2, 13-Oct-2023, 13:45:44,Kakapo,Wehe-Po,Look,Encounter,,,,
CBS03\2, 13-Oct-2023, 13:46:06,Kakapo,Wehe-Po,Look,Encounter,,,,
CBS03\2, 13-Oct-2023, 13:46:34,Kakapo,Wehe-Po,Encounter,Encounter,,,,
CBS03\2, 13-Oct-2023, 13:47:20,Kakapo,Wehe-Po,Encounter,Encounter,,,,
CBS03\2, 13-Oct-2023, 13:48:10,Kakapo,Wehe-Po,Encounter,Consumption,,,,
CBS03\2, 13-Oct-2023, 13:48:36,Kakapo,Wehe-Po,Encounter,Consumption,,,,
CBS03\2, 13-Oct-2023, 13:49:00,Kakapo,Wehe-Po,Encounter,Consumption,,,,
CBS03\2, 13-Oct-2023, 13:49:24,Kakapo,Wehe-Po,Encounter,Consumption,,,,
CBS03\2, 14-Oct-2023, 10:28:14,Kakapo,Wehe-Po,None,None,,,,
CBS03\2, 14-Oct-2023, 10:44:58,Kakapo,Wehe-Po,None,None,,,,
CBS03\2, 14-Oct-2023, 10:47:18,Kakapo,Wehe-Po,None,None,,,,
CBS03\2, 14-Oct-2023, 10:47:48,Kakapo,Wehe-Po,None,None,,,,
CBS03\2, 14-Oct-2023, 12:06:34,Kakapo,Wehe-Po,None,None,,,,
CBS03\2, 14-Oct-2023, 17:44:26,Kakapo,Wehe-Po,Encounter,None,,,,
CBS03\2, 14-Oct-2023, 17:58:48,Kakapo,Wehe-Po,None,None,,,,
CBS04, 14-Oct-2023, 19:53:11,Kakapo,Awarua,Encounter,Touch accidental,,,,
CBS04, 14-Oct-2023, 19:53:14,Kakapo,Awarua,Encounter,Encounter,,,,
CBS04, 14-Oct-2023, 19:53:24,Kakapo,Awarua,Encounter,Encounter,,,,
CBS04, 14-Oct-2023, 19:53:27,Kakapo,Awarua,Encounter,Encounter,,,,
CBS04, 14-Oct-2023, 19:53:29,Kakapo,Tutoko,Look,Encounter,,,,
CBS04, 14-Oct-2023, 19:53:32,Kakapo,Awarua,Encounter,Touch accidental,,,,
CBS04, 14-Oct-2023, 19:53:34,Kakapo,Awarua,Encounter,Touch accidental,,,,
CBS04, 14-Oct-2023, 19:53:37,Kakapo,Awarua,Encounter,Encounter,,,,
CBS04, 14-Oct-2023, 19:53:40,Kakapo,Awarua,Encounter,Encounter,,,,
CBS04, 14-Oct-2023, 19:53:43,Kakapo,Tutoko,Encounter,Touch accidental,,,,
CBS04, 14-Oct-2023, 19:53:43,Kakapo,Merv,Encounter,Encounter,,,,
CBS04, 14-Oct-2023, 19:53:46,Kakapo,Tutoko,Encounter,Touch accidental,,,,
CBS04, 14-Oct-2023, 19:53:46,Kakapo,Merv,Encounter,Encounter,,,,
CBS04, 14-Oct-2023, 19:53:49,Kakapo,Tutoko,Encounter,Encounter,,,,
CBS04, 14-Oct-2023, 19:53:49,Kakapo,Merv,Encounter,Encounter,,,,
CBS04, 14-Oct-2023, 19:53:52,Kakapo,Tutoko,Encounter,Encounter,,,,
CBS04, 14-Oct-2023, 19:53:52,Kakapo,Merv,Encounter,Encounter,,,,
CBS04, 14-Oct-2023, 19:53:54,Kakapo,Tutoko,Encounter,Encounter,,,,
CBS04, 14-Oct-2023, 19:53:54,Kakapo,Merv,Encounter,Encounter,,,,
CBS04, 14-Oct-2023, 19:54:08,Kakapo,Merv,Encounter,Bite,,,,
CBS04, 14-Oct-2023, 19:54:11,Kakapo,Merv,Encounter,Touch accidental,,,,
CBS04, 14-Oct-2023, 19:54:15,Kakapo,Merv,Encounter,Bite,,,,
CBS04, 14-Oct-2023, 19:54:18,Kakapo,Merv,Encounter,Bite,,,,
CBS04, 14-Oct-2023, 19:54:21,Kakapo,Merv,Encounter,Bite,,,,
CBS04, 14-Oct-2023, 19:54:24,Kakapo,Merv,Encounter,Touch accidental,,,,
CBS04, 14-Oct-2023, 19:54:28,Kakapo,Merv,Encounter,Look,,,,
CBS04, 14-Oct-2023, 19:54:31,Kakapo,Merv,Look,Touch accidental,,,,
CBS04, 14-Oct-2023, 19:54:34,Kakapo,Merv,Encounter,Encounter,,,,
CBS04, 14-Oct-2023, 19:54:40,Kakapo,Merv,None,None,,,,
CBS04, 14-Oct-2023, 19:54:43,Kakapo,Merv,Encounter,Encounter,,,,
CBS04, 14-Oct-2023, 19:54:46,Kakapo,Merv,Encounter,Encounter,,,,
CBS04, 14-Oct-2023, 19:54:49,Kakapo,Merv,Encounter,Encounter,,,,
CBS04, 14-Oct-2023, 19:54:51,Kakapo,Merv,Encounter,Encounter,,,,
CBS04, 14-Oct-2023, 19:54:54,Kakapo,Merv,Encounter,Encounter,,,,
CBS04, 14-Oct-2023, 19:54:57,Kakapo,Merv,Encounter,Touch accidental,,,,
CBS04, 14-Oct-2023, 19:54:59,Kakapo,Merv,Encounter,Touch accidental,,,,
CBS04, 14-Oct-2023, 19:55:02,Kakapo,Merv,Encounter,Encounter,,,,
CBS04, 14-Oct-2023, 19:55:04,Kakapo,Merv,Encounter,Encounter,,,,
CBS04, 14-Oct-2023, 19:55:07,Kakapo,Merv,Encounter,Encounter,,,,
CBS04, 14-Oct-2023, 19:55:10,Kakapo,Merv,Encounter,Encounter,,,,
CBS04, 14-Oct-2023, 19:55:12,Kakapo,Merv,Encounter,Encounter,,,,
CBS04, 14-Oct-2023, 19:55:15,Kakapo,Merv,Encounter,Encounter,,,,
CBS04, 14-Oct-2023, 19:55:17,Kakapo,Merv,Encounter,Look,,,,
CBS04, 14-Oct-2023, 19:55:20,Kakapo,Merv,Encounter,Consumption,,,,
CBS04, 14-Oct-2023, 19:55:22,Kakapo,Merv,Encounter,Consumption,,,,
CBS04, 14-Oct-2023, 19:55:25,Kakapo,Merv,Encounter,Look,,,,
CBS04, 14-Oct-2023, 19:55:27,Kakapo,Merv,Encounter,Consumption,,,,
CBS04, 14-Oct-2023, 19:55:30,Kakapo,Merv,Encounter,Consumption,,,,
CBS04, 14-Oct-2023, 19:55:32,Kakapo,Merv,Encounter,Consumption,,,,
CBS04, 14-Oct-2023, 19:55:35,Kakapo,Merv,Encounter,Consumption,,,,
CBS04, 14-Oct-2023, 19:55:40,Kakapo,Merv,Encounter,Consumption,,,,
CBS04, 14-Oct-2023, 19:55:42,Kakapo,Merv,Encounter,Consumption,,,,
CBS04, 14-Oct-2023, 19:55:45,Kakapo,Merv,Encounter,Consumption,,,,
CBS04, 14-Oct-2023, 19:55:48,Kakapo,Merv,Encounter,Consumption,,,,
CBS04, 14-Oct-2023, 19:55:51,Kakapo,Merv,Encounter,Encounter,,,,
CBS04, 14-Oct-2023, 19:55:54,Kakapo,Merv,Encounter,Encounter,,,,
CBS04, 14-Oct-2023, 19:55:56,Kakapo,Merv,Encounter,Consumption,,,,
CBS04, 14-Oct-2023, 19:55:59,Kakapo,Merv,Encounter,Consumption,,,,
CBS04, 14-Oct-2023, 19:56:02,Kakapo,Merv,Encounter,Consumption,,,,
CBS04, 14-Oct-2023, 19:56:04,Kakapo,Merv,Encounter,Consumption,,,,
CBS04, 14-Oct-2023, 19:56:07,Kakapo,Merv,Encounter,Consumption,,,,
CBS04, 14-Oct-2023, 19:56:09,Kakapo,Merv,Encounter,Consumption,,,,
CBS04, 14-Oct-2023, 19:56:12,Kakapo,Merv,Encounter,Consumption,,,,
CBS04, 14-Oct-2023, 19:56:15,Kakapo,Merv,Encounter,Encounter,,,,
CBS04, 14-Oct-2023, 19:56:17,Kakapo,Merv,Encounter,Consumption,,,,
CBS04, 14-Oct-2023, 19:56:20,Kakapo,Merv,Encounter,Consumption,,,,
CBS04, 14-Oct-2023, 19:56:23,Kakapo,Merv,Encounter,Encounter,,,,
CBS04, 14-Oct-2023, 19:56:26,Kakapo,Merv,Encounter,Consumption,,,,
CBS04, 14-Oct-2023, 19:56:29,Kakapo,Merv,Encounter,Encounter,,,,
CBS04, 14-Oct-2023, 19:56:32,Kakapo,Merv,Encounter,Encounter,,,,
CBS04, 14-Oct-2023, 19:56:41,Kakapo,Merv,Encounter,Encounter,,,,
CBS04, 14-Oct-2023, 19:56:41,Kakapo,Merv,Encounter,Encounter,,,,
CBS04, 14-Oct-2023, 19:56:42,Kakapo,Merv,Encounter,Encounter,,,,
CBS04, 14-Oct-2023, 19:56:43,Kakapo,Merv,Encounter,Encounter,,,,
CBS04, 14-Oct-2023, 19:56:46,Kakapo,Merv,Encounter,Encounter,,,,
CBS04, 14-Oct-2023, 19:56:48,Kakapo,Merv,Encounter,Encounter,,,,
CBS04, 14-Oct-2023, 19:56:50,Kakapo,Merv,Encounter,Encounter,,,,
CBS04, 14-Oct-2023, 19:56:56,Kakapo,Merv,Encounter,Consumption,,,,
CBS04, 14-Oct-2023, 19:56:59,Kakapo,Merv,Encounter,Consumption,,,,
CBS04, 14-Oct-2023, 19:57:11,Kakapo,Merv,Look,Consumption,,,,
CBS04, 14-Oct-2023, 19:57:14,Kakapo,Merv,Encounter,Bite,,,,
CBS04, 14-Oct-2023, 19:57:16,Kakapo,Merv,Encounter,Consumption,,,,
CBS04, 14-Oct-2023, 19:57:18,Kakapo,Tutoko,Look,Encounter,,,,
CBS04, 14-Oct-2023, 19:57:18,Kakapo,Merv,None,None,,,,
CBS04, 14-Oct-2023, 19:57:21,Kakapo,Merv,Encounter,Encounter,,,,
CBS04, 14-Oct-2023, 19:57:23,Kakapo,Merv,Encounter,Encounter,,,,
CBS04, 14-Oct-2023, 19:57:25,Kakapo,Moss,Encounter,Look,,,,
CBS04, 14-Oct-2023, 19:57:28,Kakapo,Moss,Encounter,Consumption,,,,
CBS04, 14-Oct-2023, 19:57:30,Kakapo,Moss,Encounter,Encounter,,,,
CBS04, 14-Oct-2023, 19:57:32,Kakapo,Moss,Encounter,Encounter,,,,
CBS04, 14-Oct-2023, 19:57:35,Kakapo,Moss,Look,Encounter,,,,
CBS04, 14-Oct-2023, 19:57:37,Kakapo,Moss,Encounter,Encounter,,,,
CBS04, 14-Oct-2023, 19:57:39,Kakapo,Moss,Encounter,Encounter,,,,
CBS04, 14-Oct-2023, 19:57:42,Kakapo,Moss,Encounter,Encounter,,,,
CBS04, 14-Oct-2023, 19:57:44,Kakapo,Moss,Encounter,Encounter,,,,
CBS04, 14-Oct-2023, 19:57:47,Kakapo,Merv,Encounter,Encounter,,,,
CBS04, 14-Oct-2023, 19:57:49,Kakapo,Merv,Encounter,Encounter,,,,
CBS04, 14-Oct-2023, 19:57:51,Kakapo,Merv,Encounter,Encounter,,,,
CBS04, 14-Oct-2023, 19:57:54,Kakapo,Tutoko,Encounter,Touch accidental,,,,
CBS04, 14-Oct-2023, 19:57:56,Kakapo,Merv,Encounter,Consumption,,,,
CBS04, 14-Oct-2023, 19:57:59,Kakapo,Merv,Encounter,Consumption,,,,
CBS05, 14-Oct-2023, 21:06:09,Kakapo,Merv,Encounter,Encounter,,,,
CBS05, 14-Oct-2023, 21:06:10,Kakapo,Merv,Encounter,Touch accidental,,,,
CBS05, 14-Oct-2023, 21:06:13,Kakapo,Merv,Encounter,Look,,,,
CBS05, 14-Oct-2023, 21:06:14,Kakapo,Merv,Encounter,Look,,,,
CBS05, 14-Oct-2023, 21:06:15,Kakapo,Merv,Look,Look,,,,
CBS05, 14-Oct-2023, 21:06:18,Kakapo,Merv,Encounter,Encounter,,,,
CBS05, 14-Oct-2023, 21:06:25,Kakapo,Merv,Encounter,Touch accidental,,,,
CBS05, 14-Oct-2023, 21:06:27,Kakapo,Merv,None,None,,,,
CBS05, 14-Oct-2023, 21:06:32,Kakapo,Merv,Encounter,Encounter,,,,
CBS05, 14-Oct-2023, 21:06:38,Kakapo,Tutoko,Encounter,Consumption,,,,
CBS05, 14-Oct-2023, 21:06:39,Kakapo,Tutoko,Encounter,Consumption,,,,
CBS05, 14-Oct-2023, 21:06:41,Kakapo,Tutoko,Encounter,Consumption,,,,
CBS05, 14-Oct-2023, 21:06:42,Kakapo,Tutoko,Encounter,Encounter,,,,
CBS05, 14-Oct-2023, 21:06:43,Kakapo,Tutoko,Encounter,Consumption,,,,
CBS05, 14-Oct-2023, 21:06:44,Kakapo,Tutoko,Bite,Encounter,,,,
CBS05, 14-Oct-2023, 21:06:46,Kakapo,Tutoko,Bite,Encounter,,,,
CBS05, 14-Oct-2023, 21:06:47,Kakapo,Tutoko,Encounter,Encounter,,,,
CBS05, 14-Oct-2023, 21:06:48,Kakapo,Tutoko,Encounter,Encounter,,,,
CBS05, 14-Oct-2023, 21:07:00,Kakapo,Sue,Encounter,Encounter,,,,
CBS05, 14-Oct-2023, 21:07:01,Kakapo,Sue,Encounter,Encounter,,,,
CBS05, 14-Oct-2023, 21:07:03,Kakapo,Tutoko,Encounter,Consumption,,,,
CBS05, 14-Oct-2023, 21:07:04,Kakapo,Tutoko,Look,Look,,,,
CBS05, 14-Oct-2023, 21:07:05,Kakapo,Tutoko,Look,Look,,,,
CBS05, 14-Oct-2023, 21:07:07,Kakapo,Tutoko,Encounter,Consumption,,,,
CBS05, 14-Oct-2023, 21:07:08,Kakapo,Tutoko,Encounter,None,,,,
CBS05, 14-Oct-2023, 21:07:09,Kakapo,Tutoko,Look,Encounter,,,,
CBS05, 14-Oct-2023, 21:07:10,Kakapo,Tutoko,Encounter,Consumption,,,,
CBS05, 14-Oct-2023, 21:07:11,Kakapo,Tutoko,Look,Look,,,,
CBS05, 14-Oct-2023, 21:07:13,Kakapo,Tutoko,Bite,Look,,,,
CBS05, 14-Oct-2023, 21:07:14,Kakapo,Tutoko,Encounter,None,,,,
CBS05, 14-Oct-2023, 21:07:15,Kakapo,Tutoko,Look,Look,,,,
CBS05, 14-Oct-2023, 21:07:17,Kakapo,Tutoko,Look,Look,,,,
CBS05, 14-Oct-2023, 21:07:18,Kakapo,Tutoko,Encounter,Encounter,,,,
CBS06, 12-Oct-2023, 09:58:16,Kakapo,Cyndy,Encounter,Consumption,,,,
CBS06, 12-Oct-2023, 09:59:06,Kakapo,Cyndy,Encounter,Encounter,,,,
CBS06, 12-Oct-2023, 12:14:30,Kakapo,Sue,Encounter,Consumption,,,,
CBS06, 12-Oct-2023, 12:19:10,Kakapo,Sue,Encounter,Encounter,,,,
CBS06, 12-Oct-2023, 12:22:42,Kakapo,Sue,Encounter,Bite,,,,
CBS06, 12-Oct-2023, 12:23:56,Kakapo,Sue,Encounter,Encounter,,,,
CBS06, 12-Oct-2023, 13:32:02,Kakapo,Sue,Look,Look,,,,
CBS06, 12-Oct-2023, 14:33:40,Kakapo,Cyndy,Encounter,Encounter,,,,
CBS06, 12-Oct-2023, 14:46:00,Kakapo,Cyndy,Encounter,Encounter,,,,
CBS06, 12-Oct-2023, 16:31:54,Kakapo,Cyndy,Encounter,Encounter,,,,Tutoko?
CBS06, 14-Oct-2023, 10:11:58,Kakapo,Cyndy,Encounter,Encounter,,,,
CBS06, 14-Oct-2023, 13:07:56,Kakapo,Cyndy,Encounter,Encounter,,,,
CBS06, 14-Oct-2023, 15:41:50,Kakapo,Cyndy,Look,Encounter,,,,
CBS06, 14-Oct-2023, 16:29:36,Kakapo,Cyndy,Encounter,Encounter,,,,
CBS06, 14-Oct-2023, 16:33:30,Kakapo,Cyndy,Encounter,Encounter,,,,
CBS06, 14-Oct-2023, 16:39:06,Kakapo,Cyndy,Encounter,Encounter,,,,
CBS06, 14-Oct-2023, 16:40:00,Kakapo,Cyndy,None,None,,,,Sleepy Cyndy
CBS06, 14-Oct-2023, 16:40:48,Kakapo,Cyndy,None,None,,,,Sleepy Cyndy
CBS06, 14-Oct-2023, 16:42:10,Kakapo,Cyndy,None,None,,,,Sleepy Cyndy
CBS06, 14-Oct-2023, 16:42:40,Kakapo,Cyndy,None,None,,,,
CBS06, 14-Oct-2023, 16:48:32,Kakapo,Cyndy,Encounter,Encounter,,,,
CBS06, 14-Oct-2023, 17:22:12,Kakapo,Cyndy,None,None,,,,Sleepy Cyndy
CBS06, 14-Oct-2023, 17:22:36,Kakapo,Cyndy,None,None,,,,Sleepy Cyndy
CBS06, 14-Oct-2023, 17:24:32,Kakapo,Cyndy,None,None,,,,Sleepy Cyndy
CBS06, 14-Oct-2023, 17:25:08,Kakapo,Cyndy,None,None,,,,Sleepy Cyndy
CBS06, 14-Oct-2023, 17:25:52,Kakapo,Cyndy,None,None,,,,Sleepy Cyndy
CBS06, 14-Oct-2023, 17:26:50,Kakapo,Cyndy,None,None,,,,Sleepy Cyndy
CBS06, 14-Oct-2023, 17:27:22,Kakapo,Cyndy,None,None,,,,Sleepy Cyndy
CBS06, 14-Oct-2023, 17:27:44,Kakapo,Cyndy,None,None,,,,Sleepy Cyndy
CBS06, 14-Oct-2023, 17:28:32,Kakapo,Cyndy,None,None,,,,Sleepy Cyndy
CBS06, 14-Oct-2023, 17:36:34,Kakapo,Cyndy,None,None,,,,Sleepy Cyndy
CBS06, 14-Oct-2023, 17:37:06,Kakapo,Cyndy,None,None,,,,Sleepy Cyndy
CBS06, 14-Oct-2023, 17:37:40,Kakapo,Cyndy,None,None,,,,Sleepy Cyndy
CBS06, 14-Oct-2023, 17:38:02,Kakapo,Cyndy,None,None,,,,Sleepy Cyndy
CBS06, 14-Oct-2023, 17:38:26,Kakapo,Cyndy,None,None,,,,Sleepy Cyndy
CBS06, 14-Oct-2023, 17:38:52,Kakapo,Cyndy,None,None,,,,Sleepy Cyndy
CBS06, 14-Oct-2023, 17:39:12,Kakapo,Cyndy,None,None,,,,Sleepy Cyndy
CBS06, 14-Oct-2023, 17:39:44,Kakapo,Cyndy,None,None,,,,Sleepy Cyndy
CBS06, 14-Oct-2023, 17:40:08,Kakapo,Cyndy,None,None,,,,Sleepy Cyndy
CBS06, 14-Oct-2023, 17:40:32,Kakapo,Cyndy,None,None,,,,Sleepy Cyndy
CBS06, 14-Oct-2023, 17:40:52,Kakapo,Cyndy,None,None,,,,Sleepy Cyndy
CBS06, 14-Oct-2023, 17:41:14,Kakapo,Cyndy,None,None,,,,Sleepy Cyndy
CBS06, 14-Oct-2023, 17:41:44,Kakapo,Cyndy,None,None,,,,Sleepy Cyndy
CBS06, 14-Oct-2023, 17:42:06,Kakapo,Cyndy,None,None,,,,Sleepy Cyndy
CBS06, 14-Oct-2023, 17:42:42,Kakapo,Cyndy,None,None,,,,Sleepy Cyndy
CBS06, 14-Oct-2023, 17:43:26,Kakapo,Cyndy,None,None,,,,Sleepy Cyndy
CBS06, 14-Oct-2023, 17:43:48,Kakapo,Cyndy,None,None,,,,Sleepy Cyndy
CBS06, 14-Oct-2023, 17:44:22,Kakapo,Cyndy,None,None,,,,Sleepy Cyndy
CBS06, 14-Oct-2023, 17:44:50,Kakapo,Cyndy,None,None,,,,Sleepy Cyndy
CBS06, 14-Oct-2023, 17:45:48,Kakapo,Cyndy,None,None,,,,Sleepy Cyndy
CBS06, 14-Oct-2023, 17:46:14,Kakapo,Cyndy,None,None,,,,Sleepy Cyndy
CBS06, 14-Oct-2023, 17:46:54,Kakapo,Cyndy,None,None,,,,Sleepy Cyndy
CBS06, 14-Oct-2023, 17:48:18,Kakapo,Cyndy,None,None,,,,Sleepy Cyndy
CBS06, 14-Oct-2023, 17:49:04,Kakapo,Cyndy,None,None,,,,Sleepy Cyndy
CBS06, 14-Oct-2023, 17:49:34,Kakapo,Cyndy,None,None,,,,Sleepy Cyndy
CBS06, 14-Oct-2023, 17:50:04,Kakapo,Cyndy,None,None,,,,
CBS06, 14-Oct-2023, 17:51:12,Kakapo,Cyndy,None,None,,,,
CBS06, 14-Oct-2023, 17:53:04,Kakapo,Cyndy,None,None,,,,
CBS06, 14-Oct-2023, 17:53:30,Kakapo,Cyndy,None,None,,,,
CBS06, 14-Oct-2023, 17:53:52,Kakapo,Cyndy,None,None,,,,
CBS06, 14-Oct-2023, 17:54:14,Kakapo,Cyndy,None,None,,,,
CBS06, 14-Oct-2023, 17:54:36,Kakapo,Cyndy,None,None,,,,
CBS06, 14-Oct-2023, 17:54:58,Kakapo,Cyndy,None,None,,,,
CBS06, 14-Oct-2023, 17:55:22,Kakapo,Cyndy,None,None,,,,
CBS06, 14-Oct-2023, 17:55:44,Kakapo,Cyndy,None,None,,,,
CBS06, 14-Oct-2023, 17:56:14,Kakapo,Cyndy,None,None,,,,
CBS06, 14-Oct-2023, 18:01:04,Kakapo,Cyndy,None,None,,,,
CBS06, 14-Oct-2023, 18:02:02,Kakapo,Cyndy,Encounter,Encounter,,,,
CBS06, 14-Oct-2023, 18:04:18,Kakapo,Cyndy,Encounter,Encounter,,,,
CBS06, 14-Oct-2023, 18:25:08,Kakapo,Cyndy,Encounter,Encounter,,,,
CBS07, 11-Oct-2023, 05:16:48,Kakapo,Cyndy,Encounter,Encounter,,,,
CBS07, 11-Oct-2023, 05:16:49,Kakapo,Cyndy,Encounter,Encounter,,,,
CBS07, 12-Oct-2023, 02:52:52,Kakapo,Sue,Encounter,Encounter,,,,
CBS07, 12-Oct-2023, 04:37:50,Kakapo,Sue,Encounter,Encounter,,,,
CBS07, 12-Oct-2023, 04:37:50,Kakapo,Cyndy,Encounter,Encounter,,,,
CBS07, 13-Oct-2023, 01:51:18,Kakapo,Sue,Encounter,Bite,,,,
CBS07, 13-Oct-2023, 01:51:19,Kakapo,Sue,Encounter,Bite,,,,
CBS07, 13-Oct-2023, 01:51:56,Kakapo,Sue,Encounter,Consumption,,,,
CBS07, 13-Oct-2023, 01:52:42,Kakapo,Sue,Encounter,Consumption,,,,
CBS07, 13-Oct-2023, 01:53:16,Kakapo,Sue,None,Encounter,,,,
CBS07, 13-Oct-2023, 04:05:02,Kakapo,Cyndy,Encounter,None,,,,
CBS07, 13-Oct-2023, 04:05:03,Kakapo,,,,,,,
CBS07, 13-Oct-2023, 05:25:36,Kakapo,Cyndy,Encounter,Encounter,,,,
CBS08, 15-Oct-2023, 22:05:25,Kakapo,Cyndy,Encounter,Encounter,,,,
CBS08, 15-Oct-2023, 22:05:49,Kakapo,Cyndy,Encounter,Encounter,,,,
CBS09, 12-Oct-2023, 04:01:10,Kakapo,Kuihi,Encounter,None,,,,
CBS09, 15-Oct-2023, 22:14:02,Kakapo,Kuihi,Encounter,None,,,,
CBS09, 15-Oct-2023, 22:14:02,Kakapo,Kuihi,Encounter,Encounter,,,,NR
CBS09, 15-Oct-2023, 22:14:03,Kakapo,Kuihi,Encounter,Encounter,,,,NR
CBS11, 09-Oct-2023, 21:03:36,Kakapo,Kohitatea,Encounter,Consumption,,,,
CBS11, 12-Oct-2023, 05:49:38,Kakapo,Kohitatea,None,Encounter,,,,
CBS11, 12-Oct-2023, 05:50:38,Kakapo,Kohitatea,Encounter,Consumption,,,,
CBS11, 12-Oct-2023, 05:51:20,Kakapo,Kohitatea,Encounter,Consumption,,,,
CBS11, 12-Oct-2023, 05:52:20,Kakapo,Kohitatea,Encounter,Consumption,,,,
CBS11, 12-Oct-2023, 05:53:06,Kakapo,Kohitatea,Encounter,Consumption,,,,
CBS11, 12-Oct-2023, 05:54:04,Kakapo,Kohitatea,Encounter,Consumption,,,,
CBS11, 12-Oct-2023, 05:55:36,Kakapo,Kohitatea,Encounter,Consumption,,,,
CBS11, 12-Oct-2023, 05:57:04,Kakapo,Kohitatea,Encounter,Consumption,,,,
CBS11, 12-Oct-2023, 05:59:24,Kakapo,Kohitatea,Encounter,Encounter,,,,
CBS11, 13-Oct-2023, 01:33:28,Kakapo,Kohitatea,Encounter,Consumption,,,,
CBS11, 13-Oct-2023, 01:38:20,Kakapo,Kohitatea,Encounter,Consumption,,,,
CBS11, 13-Oct-2023, 01:46:36,Kakapo,Kohitatea,Encounter,Consumption,,,,
CBS11, 13-Oct-2023, 01:49:44,Kakapo,Kohitatea,Encounter,Encounter,,,,
CBS11, 13-Oct-2023, 01:50:30,Kakapo,Kohitatea,None,None,,,,
CBS11, 13-Oct-2023, 01:51:30,Kakapo,Kohitatea,Encounter,Consumption,,,,
CBS11, 13-Oct-2023, 01:57:42,Kakapo,Kohitatea,Encounter,Encounter,,,,
CBS11, 13-Oct-2023, 02:01:12,Kakapo,Kohitatea,Encounter,Consumption,,,,
CBS11, 13-Oct-2023, 02:03:12,Kakapo,Kohitatea,Encounter,Consumption,,,,
CBS11, 13-Oct-2023, 02:03:48,Kakapo,Kohitatea,Encounter,Consumption,,,,
CBS11, 13-Oct-2023, 02:04:30,Kakapo,Kohitatea,Encounter,Encounter,,,,
CBS11, 13-Oct-2023, 02:06:00,Kakapo,Kohitatea,Encounter,Encounter,,,,
